{
  "project_info": {
    "project_number": "320261293718",
    "project_id": "inventoryapp-e9cf1",
    "storage_bucket": "inventoryapp-e9cf1.appspot.com"
  },
  "client": [
    {
      "client_info": {
        "mobilesdk_app_id": "1:320261293718:android:90713aacddc8bc5cfa64b7",
        "android_client_info": {
          "package_name": "com.example.inventoryapp_cacurtis"
        }
      },
      "oauth_client": [],
      "api_key": [
        {
          "current_key": "AIzaSyBB3d6hUHrtvXaZq8livusI_sxTYI32H-8"
        }
      ],
      "services": {
        "appinvite_service": {
          "other_platform_oauth_client": []
        }
      }
    }
  ],
  "configuration_version": "1"
}